Date,Price,Open,High,Low,Vol.,Change 
01/02/2020,30.99,29.94,31.00,29.79,20.58,4.20
01/03/2020,31.37,30.62,31.43,30.48,18.83,1.23
01/06/2020,31.58,31.01,32.06,31.00,21.22,0.67
01/07/2020,32.81,31.79,32.84,31.36,30.27,3.89
01/08/2020,33.93,32.73,34.52,32.46,43.96,3.41
01/09/2020,33.97,34.45,34.47,33.22,29.41,0.12
01/10/2020,34.01,34.08,34.99,33.84,34.28,0.12
01/13/2020,34.14,34.29,34.34,33.55,16.83,0.38
01/14/2020,34.84,34.20,35.02,33.92,26.03,2.05
01/15/2020,35.01,34.90,35.15,34.51,20.76,0.49
01/16/2020,34.68,35.03,35.06,34.18,21.96,-0.94
01/17/2020,35.13,34.97,35.25,34.65,17.25,1.30
01/21/2020,37.60,35.50,37.80,35.41,48.75,7.03
01/22/2020,37.04,37.94,37.94,36.92,29.77,-1.49
01/23/2020,37.40,36.97,37.95,36.73,21.37,0.97
01/24/2020,36.80,37.50,37.66,36.25,21.60,-1.60
01/27/2020,36.30,35.23,36.65,34.19,18.82,-1.36
01/28/2020,37.01,37.14,37.33,36.04,28.97,1.96
01/29/2020,36.99,36.98,37.56,36.80,16.88,-0.05
01/30/2020,36.68,36.82,37.13,35.95,22.85,-0.84
01/31/2020,36.29,37.00,37.04,35.69,21.55,-1.06
02/03/2020,37.59,36.75,37.64,36.53,23.54,3.58
02/04/2020,38.53,37.87,38.99,37.26,32.43,2.50
02/05/2020,36.81,38.89,38.97,36.73,38.41,-4.46
02/06/2020,37.09,37.30,37.39,36.73,52.70,0.76
02/07/2020,40.63,39.98,41.00,38.86,112.33,9.54
02/10/2020,40.01,40.65,41.34,39.96,60.84,-1.53
02/11/2020,41.27,40.25,41.47,40.05,33.90,3.15
02/12/2020,41.25,41.50,41.86,41.06,26.44,-0.05
02/13/2020,40.09,40.93,41.55,40.00,23.85,-2.81
02/14/2020,39.66,40.02,40.31,38.70,32.01,-1.07
02/18/2020,40.18,39.49,40.27,39.45,22.17,1.31
02/19/2020,41.05,40.42,41.23,40.12,23.29,2.17
02/20/2020,40.92,41.00,41.19,39.85,25.45,-0.32
02/21/2020,40.72,40.89,40.89,40.05,20.60,-0.49
02/24/2020,38.31,38.21,39.14,37.75,37.12,-5.92
02/25/2020,35.89,38.90,39.15,35.50,49.28,-6.32
02/26/2020,34.45,35.53,36.16,33.89,44.11,-4.01
02/27/2020,32.45,32.03,34.16,30.67,66.56,-5.81
02/28/2020,33.87,31.81,34.29,31.00,52.10,4.38
03/02/2020,32.85,34.05,34.08,31.74,46.66,-3.01
03/03/2020,33.04,34.02,34.18,31.90,35.18,0.58
03/04/2020,34.53,33.93,35.34,32.28,44.74,4.51
03/05/2020,32.21,33.47,33.57,31.97,32.76,-6.72
03/06/2020,31.68,31.23,32.41,30.45,34.81,-1.65
03/09/2020,28.17,28.50,30.32,28.15,37.44,-11.08
03/10/2020,28.97,29.47,29.86,27.00,36.31,2.84
03/11/2020,26.24,27.91,28.14,25.61,43.21,-9.42
03/12/2020,22.61,23.26,24.69,22.11,54.04,-13.83
03/13/2020,22.60,24.01,24.81,21.13,53.84,-0.04
03/16/2020,20.29,20.15,21.49,19.10,56.91,-10.22
03/17/2020,18.91,20.18,20.31,18.01,60.00,-6.80
03/18/2020,14.82,17.76,17.80,13.71,78.29,-21.63
03/19/2020,20.49,15.96,21.26,15.70,83.99,38.26
03/20/2020,21.33,22.53,23.89,20.61,76.53,4.10
03/23/2020,22.40,21.07,22.73,19.73,47.79,5.02
03/24/2020,26.39,24.41,26.84,23.59,58.51,17.81
03/25/2020,26.19,26.18,28.45,25.31,52.47,-0.76
03/26/2020,28.12,26.60,28.44,25.78,41.37,7.37
03/27/2020,27.28,25.82,28.03,25.07,40.29,-2.99
03/30/2020,27.83,26.33,28.39,25.31,37.73,2.02
03/31/2020,27.92,27.75,28.25,26.92,43.13,0.32
04/01/2020,25.42,26.50,26.77,24.81,38.54,-8.95
04/02/2020,23.68,25.01,25.20,23.00,35.84,-6.85
04/03/2020,22.82,23.73,23.79,21.67,40.57,-3.63
04/06/2020,25.99,24.13,26.09,23.93,34.69,13.89
04/07/2020,25.74,27.95,28.11,25.50,36.43,-0.96
04/08/2020,26.94,26.00,27.88,25.79,36.17,4.66
04/09/2020,27.11,27.88,28.89,26.46,36.19,0.63
04/13/2020,27.99,27.04,28.08,26.47,24.67,3.25
04/14/2020,27.75,28.00,28.77,27.01,32.63,-0.86
04/15/2020,27.41,26.82,27.79,26.44,18.72,-1.23
04/16/2020,27.03,27.21,28.05,26.46,24.09,-1.39
04/17/2020,28.00,28.69,28.79,27.26,34.13,3.59
04/20/2020,28.19,27.07,28.76,26.90,32.22,0.68
04/21/2020,27.19,27.50,28.15,26.60,20.97,-3.55
04/22/2020,28.24,27.97,28.56,27.51,21.22,3.86
04/23/2020,28.33,28.75,29.25,28.24,26.99,0.32
04/24/2020,29.49,28.51,29.59,28.14,20.65,4.09
04/27/2020,30.08,29.74,30.49,29.41,31.71,2.00
04/28/2020,30.12,31.00,31.83,29.36,27.38,0.13
04/29/2020,31.37,31.00,32.00,30.33,28.29,4.15
04/30/2020,30.27,30.50,31.05,29.75,20.10,-3.51
05/01/2020,28.39,29.13,29.72,28.32,19.29,-6.21
05/04/2020,27.42,27.56,28.07,26.58,23.43,-3.42
05/05/2020,28.07,28.25,28.91,27.44,30.73,2.37
05/06/2020,27.82,27.50,28.06,26.81,31.08,-0.89
05/07/2020,30.93,29.60,31.65,29.58,62.23,11.18
05/08/2020,32.79,32.59,33.30,31.64,69.53,6.01
05/11/2020,31.64,31.98,32.38,31.41,26.44,-3.51
05/12/2020,32.40,31.42,34.45,30.41,89.59,2.40
05/13/2020,33.02,32.30,33.06,30.83,47.28,1.91
05/14/2020,32.79,32.53,33.04,31.24,32.91,-0.70
05/15/2020,32.47,32.26,32.89,31.59,25.95,-0.98
05/18/2020,33.62,33.70,36.00,32.99,47.56,3.54
05/19/2020,33.40,33.68,34.00,32.86,20.22,-0.65
05/20/2020,34.48,34.12,34.77,33.82,21.39,3.23
05/21/2020,34.26,34.45,35.01,33.47,24.08,-0.64
05/22/2020,34.83,34.15,34.93,33.57,18.68,1.66
05/26/2020,34.56,35.97,36.00,34.50,23.48,-0.78
05/27/2020,34.88,34.42,35.00,33.10,27.51,0.93
05/28/2020,34.15,34.90,35.10,33.82,21.96,-2.09
05/29/2020,36.32,34.18,36.45,34.00,72.42,6.35
06/01/2020,35.82,35.64,36.39,35.16,21.89,-1.38
06/02/2020,35.81,36.16,36.42,35.26,19.33,-0.03
06/03/2020,36.75,36.20,37.37,36.14,23.05,2.62
06/04/2020,36.43,36.42,37.30,36.28,17.42,-0.87
06/05/2020,37.21,37.53,38.78,36.92,30.39,2.14
06/08/2020,37.08,37.87,37.90,36.09,30.10,-0.35
06/09/2020,36.59,36.70,37.33,36.25,15.13,-1.32
06/10/2020,34.83,36.69,36.80,34.27,43.47,-4.81
06/11/2020,31.10,32.63,33.24,30.89,45.30,-10.71
06/12/2020,32.24,32.73,32.74,31.04,27.69,3.67
06/15/2020,32.67,31.16,32.68,31.02,21.35,1.33
06/16/2020,33.49,34.00,34.17,32.43,21.38,2.51
06/17/2020,33.29,33.50,33.59,33.01,14.83,-0.60
06/18/2020,33.40,33.00,33.44,32.80,15.50,0.33
06/19/2020,32.30,33.98,34.02,32.27,29.43,-3.29
06/22/2020,32.68,32.43,32.85,31.43,17.79,1.18
06/23/2020,33.05,32.88,33.21,32.59,13.62,1.13
06/24/2020,30.46,32.75,32.93,30.45,29.48,-7.84
06/25/2020,30.58,30.00,30.86,29.56,19.14,0.39
06/26/2020,29.61,30.44,30.44,29.21,46.48,-3.17
06/29/2020,29.63,29.51,29.75,28.39,20.80,0.07
06/30/2020,31.08,30.83,31.25,30.13,21.28,4.89
07/01/2020,30.43,30.96,31.26,30.16,13.61,-2.09
07/02/2020,30.68,31.02,31.57,30.51,14.98,0.82
07/06/2020,32.52,33.10,33.20,31.76,42.39,6.00
07/07/2020,32.82,32.46,33.56,32.39,34.87,0.92
07/08/2020,33.93,33.21,33.97,32.68,24.60,3.38
07/09/2020,33.15,34.24,34.46,32.26,25.06,-2.30
07/10/2020,33.14,33.14,33.55,32.65,13.59,-0.03
07/13/2020,31.72,33.21,33.60,31.66,19.60,-4.28
07/14/2020,30.93,31.35,31.38,30.48,21.78,-2.49
07/15/2020,32.81,32.10,32.97,31.68,20.98,6.08
07/16/2020,32.35,32.05,32.59,31.55,11.09,-1.40
07/17/2020,32.55,32.58,32.82,31.85,13.67,0.62
07/20/2020,33.66,32.48,33.92,32.35,16.21,3.41
07/21/2020,32.55,34.16,34.23,32.53,16.74,-3.30
07/22/2020,32.66,32.44,32.88,32.33,12.13,0.34
07/23/2020,32.17,32.33,33.02,31.98,12.75,-1.50
07/24/2020,31.18,31.74,31.80,30.47,16.90,-3.08
07/27/2020,30.99,31.21,31.60,30.75,10.18,-0.61
07/28/2020,30.81,30.79,31.24,30.35,12.98,-0.58
07/29/2020,31.02,30.92,31.26,30.77,8.22,0.68
07/30/2020,30.24,30.65,30.68,29.97,13.06,-2.51
07/31/2020,30.26,30.40,30.42,29.78,16.36,0.07
08/03/2020,31.19,30.24,31.30,30.06,17.08,3.07
08/04/2020,32.68,31.17,32.85,31.17,21.96,4.78
08/05/2020,33.20,33.10,33.32,32.50,17.28,1.59
08/06/2020,34.71,33.27,34.79,33.21,38.60,4.55
08/07/2020,32.90,33.09,33.70,32.45,39.07,-5.21
08/10/2020,32.27,33.04,33.18,31.51,21.35,-1.91
08/11/2020,31.21,31.66,32.21,30.65,31.57,-3.28
08/12/2020,30.84,31.46,32.22,30.69,23.42,-1.19
08/13/2020,30.46,30.52,31.33,30.32,21.98,-1.23
08/14/2020,29.99,30.40,30.49,29.82,17.63,-1.54
08/17/2020,29.48,30.05,30.12,29.14,18.54,-1.70
08/18/2020,30.08,29.50,30.46,29.41,29.40,2.04
08/19/2020,29.42,30.15,30.35,29.39,14.05,-2.19
08/20/2020,31.41,29.13,31.70,28.48,56.66,6.76
08/21/2020,30.83,31.39,31.82,30.71,20.22,-1.85
08/24/2020,31.04,30.97,31.30,30.37,17.41,0.68
08/25/2020,31.19,31.04,31.19,30.60,10.06,0.48
08/26/2020,32.30,31.01,32.71,30.95,20.60,3.56
08/27/2020,32.80,32.40,33.07,32.27,21.31,1.55
08/28/2020,33.80,33.00,33.94,32.82,17.83,3.05
08/31/2020,33.63,33.62,33.92,33.14,14.98,-0.50
09/01/2020,34.30,33.45,34.51,33.15,16.03,1.99
09/02/2020,34.37,34.21,34.51,33.29,16.55,0.20
09/03/2020,33.41,34.08,34.74,32.95,17.29,-2.79
09/04/2020,33.24,33.33,33.65,31.55,17.48,-0.51
09/08/2020,34.32,32.36,35.10,32.16,33.68,3.25
09/09/2020,35.01,34.11,35.50,34.11,22.80,2.01
09/10/2020,35.98,35.20,36.78,35.19,35.47,2.77
09/11/2020,36.98,36.30,37.15,36.25,27.13,2.78
09/14/2020,37.95,37.10,38.00,37.08,28.02,2.62
09/15/2020,37.47,37.95,38.48,37.27,23.53,-1.26
09/16/2020,37.66,37.39,38.52,37.39,21.79,0.51
09/17/2020,37.06,36.68,37.44,36.14,23.53,-1.59
09/18/2020,37.12,37.15,37.56,36.39,68.43,0.16
09/21/2020,36.49,35.86,36.58,35.12,19.10,-1.70
09/22/2020,34.40,36.53,36.55,34.10,28.24,-5.73
09/23/2020,33.55,34.45,34.81,33.40,15.80,-2.47
09/24/2020,33.35,33.66,34.00,32.89,16.40,-0.60
09/25/2020,34.46,33.20,34.50,33.20,10.74,3.33
09/28/2020,35.56,35.80,36.63,35.26,22.88,3.19
09/29/2020,35.43,35.56,35.65,34.60,16.50,-0.37
09/30/2020,36.48,35.28,36.50,35.28,21.39,2.96
10/01/2020,37.14,36.86,37.83,36.58,19.19,1.81
10/02/2020,37.72,36.00,37.99,35.94,20.12,1.56
10/05/2020,37.14,37.70,38.00,36.88,13.09,-1.54
10/06/2020,36.26,37.17,37.37,36.04,13.07,-2.37
10/07/2020,36.78,36.59,37.11,36.37,13.78,1.43
10/08/2020,37.34,37.00,37.83,36.96,12.21,1.52
10/09/2020,37.27,37.91,38.35,37.19,13.17,-0.19
10/12/2020,36.26,37.56,37.56,36.17,16.57,-2.71
10/13/2020,35.56,36.22,36.23,35.02,15.46,-1.93
10/14/2020,35.11,35.69,36.09,35.08,15.40,-1.27
10/15/2020,34.26,34.68,34.81,34.02,15.45,-2.42
10/16/2020,33.72,34.78,34.80,33.61,14.90,-1.58
10/19/2020,34.22,34.16,34.59,34.00,19.28,1.48
10/20/2020,36.31,34.53,36.76,34.53,29.82,6.11
10/21/2020,35.20,36.25,36.25,34.88,19.06,-3.06
10/22/2020,36.70,35.42,36.89,34.91,14.24,4.26
10/23/2020,36.75,36.50,36.99,35.92,15.96,0.14
10/26/2020,35.49,36.50,36.74,35.12,12.51,-3.43
10/27/2020,34.16,35.51,35.70,34.02,13.69,-3.75
10/28/2020,33.65,33.62,33.66,32.90,15.79,-1.49
10/29/2020,34.06,33.71,34.94,33.33,13.74,1.22
10/30/2020,33.41,33.91,34.39,33.15,13.51,-1.91
11/02/2020,34.81,34.15,35.05,34.06,18.35,4.19
11/03/2020,35.77,35.27,36.15,35.15,16.21,2.76
11/04/2020,40.99,40.66,42.15,39.00,101.82,14.59
11/05/2020,41.96,40.33,42.05,40.01,34.18,2.37
11/06/2020,44.87,42.09,45.38,41.62,57.67,6.94
11/09/2020,48.18,48.01,49.62,47.30,61.63,7.38
11/10/2020,47.00,46.74,49.36,46.04,33.08,-2.45
11/11/2020,46.23,46.72,47.52,45.91,19.21,-1.64
11/12/2020,46.40,45.39,47.47,45.05,16.26,0.37
11/13/2020,47.61,47.11,47.79,45.93,15.57,2.61
11/16/2020,49.21,48.74,50.09,48.48,29.30,3.36
11/17/2020,48.89,48.72,49.62,48.50,16.64,-0.65
11/18/2020,49.11,48.77,49.95,48.33,17.78,0.45
11/19/2020,49.26,49.10,49.91,48.65,13.48,0.31
11/20/2020,48.43,49.98,50.75,48.27,17.33,-1.68
11/23/2020,50.04,48.66,50.88,48.51,17.15,3.32
11/24/2020,51.26,50.62,52.15,50.48,16.22,2.44
11/25/2020,50.80,51.27,51.45,49.92,11.64,-0.90
11/27/2020,50.72,50.93,51.19,50.20,8.34,-0.16
11/30/2020,49.66,50.22,51.01,48.53,17.22,-2.09
12/01/2020,49.63,50.00,51.41,49.07,20.62,-0.06
12/02/2020,53.09,49.26,53.45,48.53,30.38,6.97
12/03/2020,52.52,53.30,53.49,52.12,13.12,-1.07
12/04/2020,54.86,52.71,54.86,52.71,22.21,4.46
12/07/2020,53.80,54.59,54.87,53.65,13.76,-1.93
12/08/2020,53.01,52.40,54.22,52.35,26.17,-1.47
12/09/2020,53.79,53.98,56.02,53.06,46.78,1.47
12/10/2020,54.35,52.33,54.62,51.30,20.21,1.04
12/11/2020,52.63,54.47,55.03,52.33,16.82,-3.16
12/14/2020,51.46,53.27,53.44,51.24,19.05,-2.22
12/15/2020,51.00,52.12,52.83,50.87,17.50,-0.89
12/16/2020,50.49,51.18,51.68,50.29,19.58,-1.00
12/17/2020,50.63,50.59,51.30,50.17,19.69,0.28
12/18/2020,50.62,50.81,50.95,49.52,24.36,-0.02
12/21/2020,51.80,49.00,52.35,48.79,23.56,2.33
12/22/2020,53.78,52.11,54.36,51.92,23.89,3.82
12/23/2020,53.71,53.80,54.09,52.99,12.67,-0.13
12/24/2020,52.88,53.60,53.63,52.29,6.32,-1.55
12/28/2020,51.97,53.02,53.13,51.56,12.06,-1.72
12/29/2020,52.27,52.33,52.99,51.47,10.14,0.58
12/30/2020,53.15,52.72,53.85,52.22,9.52,1.68
12/31/2020,51.00,53.28,53.28,51.00,13.28,-4.05
01/04/2021,51.14,52.22,52.32,49.63,17.29,0.27
01/05/2021,54.01,51.00,54.19,50.76,21.40,5.61
01/06/2021,52.48,53.31,54.07,52.00,17.74,-2.83
01/07/2021,56.13,53.37,56.25,53.20,23.74,6.96
01/08/2021,53.28,54.40,54.79,52.58,38.00,-5.08
01/11/2021,54.59,53.11,55.00,52.99,23.21,2.46
01/12/2021,58.54,55.50,59.39,55.00,52.15,7.24
01/13/2021,59.40,58.54,59.88,57.53,24.18,1.47
01/14/2021,56.91,60.00,60.03,56.70,26.56,-4.19
01/15/2021,55.52,57.49,57.90,55.00,23.71,-2.44
01/19/2021,56.30,56.39,56.84,55.00,16.95,1.40
01/20/2021,56.38,57.00,57.98,55.47,16.90,0.14
01/21/2021,55.79,56.57,57.00,55.31,13.43,-1.05
01/22/2021,54.31,55.25,55.47,54.01,19.57,-2.65
01/25/2021,54.29,54.50,54.52,49.65,40.89,-0.04
01/26/2021,51.92,54.62,55.52,51.53,25.68,-4.37
01/27/2021,48.11,49.97,50.86,47.15,33.28,-7.34
01/28/2021,51.58,50.12,52.52,49.88,28.11,7.21
01/29/2021,50.93,50.63,51.49,49.63,18.74,-1.26
02/01/2021,52.76,52.12,52.90,51.35,15.57,3.59
02/02/2021,56.46,55.11,58.03,54.89,30.29,7.01
02/03/2021,57.12,57.87,58.13,56.74,13.52,1.17
02/04/2021,57.85,56.45,57.85,56.11,13.85,1.28
02/05/2021,58.58,58.16,58.71,57.37,15.73,1.26
02/08/2021,59.29,59.70,60.11,58.69,18.41,1.21
02/09/2021,59.61,58.91,61.06,58.62,23.51,0.54
02/10/2021,63.18,62.00,63.50,60.80,36.97,5.99
02/11/2021,60.71,63.25,64.05,60.40,41.36,-3.91
02/12/2021,60.63,60.12,60.93,59.31,14.61,-0.13
02/16/2021,60.52,61.02,61.31,59.84,15.41,-0.18
02/17/2021,60.81,60.33,60.95,58.95,12.67,0.48
02/18/2021,59.00,60.00,60.29,58.23,15.14,-2.98
02/19/2021,58.39,58.36,60.46,58.11,28.10,-1.03
02/22/2021,55.31,57.76,58.10,54.82,25.57,-5.27
02/23/2021,56.00,53.50,56.37,51.89,23.95,1.25
02/24/2021,53.91,54.95,55.15,53.66,24.63,-3.73
02/25/2021,51.45,54.58,54.60,50.86,27.05,-4.56
02/26/2021,51.75,52.07,52.75,50.61,16.35,0.58
03/01/2021,54.40,53.67,54.76,53.30,18.48,5.12
03/02/2021,54.65,55.54,55.62,54.19,15.20,0.46
03/03/2021,56.11,55.93,57.80,54.65,28.49,2.67
03/04/2021,53.07,55.75,57.16,51.61,27.41,-5.42
03/05/2021,55.54,54.28,55.83,50.81,31.58,4.65
03/08/2021,53.20,55.50,56.45,52.89,19.91,-4.21
03/09/2021,55.25,56.00,56.15,54.72,17.19,3.85
03/10/2021,57.68,57.21,58.90,56.27,28.00,4.40
03/11/2021,58.95,58.80,59.48,58.22,17.29,2.20
03/12/2021,60.35,58.97,60.59,57.62,14.84,2.37
03/15/2021,60.19,60.35,60.53,59.12,14.99,-0.27
03/16/2021,58.85,59.99,61.02,58.38,12.89,-2.23
03/17/2021,56.36,57.07,57.57,55.54,25.51,-4.23
03/18/2021,55.69,56.63,57.48,55.21,15.74,-1.19
03/19/2021,57.08,55.48,57.18,54.34,17.40,2.50
03/22/2021,55.69,57.25,57.61,55.47,14.15,-2.44
03/23/2021,53.49,55.63,55.63,53.11,14.51,-3.95
03/24/2021,52.57,54.46,54.96,52.54,13.70,-1.72
03/25/2021,53.89,52.00,54.28,51.80,13.21,2.51
03/26/2021,54.71,54.41,55.25,53.52,13.53,1.52
03/29/2021,53.35,54.80,54.80,52.85,9.72,-2.49
03/30/2021,53.46,52.99,54.12,52.64,9.50,0.21
03/31/2021,54.51,53.96,55.18,53.58,14.76,1.96
04/01/2021,57.60,55.61,57.63,54.81,18.70,5.67
04/05/2021,57.40,58.10,58.42,56.64,13.49,-0.35
04/06/2021,58.05,57.34,58.99,57.16,13.58,1.13
04/07/2021,56.89,58.02,58.13,55.95,12.92,-2.00
04/08/2021,57.83,56.65,57.94,56.54,9.50,1.65
04/09/2021,57.68,57.32,57.88,56.40,10.23,-0.26
04/12/2021,59.44,59.05,60.77,58.75,36.04,3.05
04/13/2021,60.64,59.65,61.01,58.53,21.01,2.02
04/14/2021,59.23,60.11,61.50,59.18,18.96,-2.33
04/15/2021,60.74,59.88,61.09,59.55,17.50,2.55
04/16/2021,60.35,60.74,60.85,59.54,11.86,-0.64
04/19/2021,57.85,60.00,60.22,57.52,16.96,-4.14
04/20/2021,55.48,58.00,58.12,55.24,19.08,-4.10
04/21/2021,55.77,55.00,56.20,54.61,11.52,0.52
04/22/2021,56.28,55.85,57.22,55.19,16.94,0.91
04/23/2021,57.93,56.56,57.95,56.39,8.76,2.93
04/26/2021,57.61,58.05,58.36,57.33,8.36,-0.55
04/27/2021,57.16,58.32,58.40,57.05,12.93,-0.78
04/28/2021,58.44,56.88,58.48,56.66,9.27,2.24
04/29/2021,54.93,59.00,59.22,53.11,43.41,-6.01
04/30/2021,54.77,54.30,55.65,54.11,16.74,-0.29
05/03/2021,54.85,55.12,56.13,54.84,13.90,0.15
05/04/2021,52.99,54.52,54.72,52.01,19.34,-3.39
05/05/2021,51.18,53.87,54.07,50.63,43.97,-3.42
05/06/2021,46.65,48.39,49.81,45.72,79.24,-8.85
05/07/2021,47.03,47.22,48.60,46.53,27.93,0.81
05/10/2021,45.79,47.71,47.85,45.60,28.31,-2.64
05/11/2021,46.21,44.50,46.79,44.18,29.11,0.92
05/12/2021,43.81,45.90,46.10,43.17,32.12,-5.19
05/13/2021,44.48,44.99,46.10,43.56,36.21,1.53
05/14/2021,47.42,45.03,47.71,44.85,25.32,6.61
05/17/2021,47.51,47.24,47.94,46.51,17.48,0.19
05/18/2021,49.17,49.67,50.29,48.53,28.24,3.49
05/19/2021,49.47,47.53,49.83,47.37,16.52,0.61
05/20/2021,49.33,49.57,49.95,48.76,18.82,-0.28
05/21/2021,48.82,49.57,49.95,48.76,20.01,-1.03
05/24/2021,50.03,49.33,50.40,48.85,16.77,2.48
05/25/2021,50.46,50.74,51.59,50.44,16.93,0.86
05/26/2021,51.12,50.32,51.36,49.76,16.39,1.31
05/27/2021,50.71,51.44,51.69,48.72,51.35,-0.80
05/28/2021,50.83,50.67,51.74,50.47,14.23,0.24
06/01/2021,50.98,51.62,51.66,49.84,16.58,0.30
06/02/2021,50.79,51.19,51.41,50.55,13.48,-0.37
06/03/2021,48.70,50.43,50.50,48.53,14.71,-4.11
06/04/2021,50.18,49.56,50.22,49.07,10.41,3.04
06/07/2021,50.76,50.49,51.22,49.75,16.47,1.16
06/08/2021,49.88,50.70,51.40,48.66,19.67,-1.73
06/09/2021,49.14,50.00,50.17,49.11,12.62,-1.48
06/10/2021,49.55,49.69,49.90,48.42,14.93,0.83
06/11/2021,50.01,50.03,50.36,49.53,12.13,0.93
06/14/2021,50.77,50.06,51.49,49.56,15.40,1.52
06/15/2021,49.30,49.55,49.96,49.09,20.36,-2.90
06/16/2021,48.89,49.35,49.66,48.29,18.98,-0.83
06/17/2021,49.70,48.96,49.83,48.31,18.89,1.66
06/18/2021,49.70,49.31,50.39,48.78,20.63,0.00
06/21/2021,48.12,49.72,49.86,47.90,30.75,-3.18
06/22/2021,49.05,48.30,49.34,47.75,19.47,1.93
06/23/2021,50.51,49.06,50.77,49.01,19.84,2.98
06/24/2021,50.82,51.30,51.55,50.22,12.40,0.61
06/25/2021,51.73,51.18,51.83,50.53,25.73,1.79
06/28/2021,51.11,51.75,52.36,50.37,22.52,-1.20
06/29/2021,50.76,51.00,51.30,50.24,14.10,-0.68
06/30/2021,50.12,51.02,51.13,49.71,18.07,-1.26
07/01/2021,50.59,50.88,51.60,50.02,17.73,0.94
07/02/2021,51.71,50.57,51.83,50.39,13.70,2.21
07/06/2021,50.80,50.60,52.03,50.40,21.36,-1.76
07/07/2021,48.68,50.80,51.03,48.54,24.56,-4.17
07/08/2021,47.55,47.16,48.21,46.57,24.93,-2.32
07/09/2021,49.07,47.84,49.25,47.71,15.40,3.20
07/12/2021,48.41,48.87,49.29,48.09,14.14,-1.35
07/13/2021,48.08,48.49,48.59,47.75,11.28,-0.68
07/14/2021,47.15,48.28,48.59,47.11,15.84,-1.93
07/15/2021,46.42,46.86,47.46,46.15,17.23,-1.55
07/16/2021,46.19,46.40,47.09,46.01,18.22,-0.50
07/19/2021,45.56,45.00,45.75,44.44,20.89,-1.36
07/20/2021,46.32,45.46,46.66,45.07,13.85,1.67
07/21/2021,47.52,46.53,47.94,46.35,14.95,2.59
07/22/2021,47.57,47.70,48.17,47.24,11.56,0.11
07/23/2021,47.46,47.61,47.69,46.78,9.54,-0.23
07/26/2021,46.81,47.04,47.60,46.37,12.50,-1.37
07/27/2021,45.82,46.54,46.66,44.76,16.87,-2.11
07/28/2021,46.14,45.88,46.96,45.81,19.51,0.70
07/29/2021,44.69,44.12,45.21,44.00,51.03,-3.14
07/30/2021,43.46,44.38,44.73,43.34,22.19,-2.75
08/02/2021,43.49,44.10,44.29,43.44,26.58,0.07
08/03/2021,42.79,43.56,43.68,41.62,37.62,-1.61
08/04/2021,41.81,42.70,42.82,41.37,42.97,-2.29
08/05/2021,43.07,40.50,44.65,40.15,60.87,3.01
08/06/2021,44.28,43.74,44.94,43.65,25.51,2.81
08/09/2021,43.25,44.19,44.27,43.21,19.24,-2.33
08/10/2021,43.50,43.70,44.24,43.25,26.68,0.58
08/11/2021,43.08,43.41,43.50,42.00,21.77,-0.97
08/12/2021,42.73,42.86,42.97,42.18,16.56,-0.81
08/13/2021,42.22,42.80,43.03,42.20,8.60,-1.19
08/16/2021,41.50,41.76,41.79,40.86,19.25,-1.71
08/17/2021,41.00,41.00,41.48,40.58,20.36,-1.20
08/18/2021,40.88,40.97,41.53,40.80,13.68,-0.29
08/19/2021,39.86,40.28,40.60,39.51,22.47,-2.50
08/20/2021,39.95,39.69,40.08,39.24,18.08,0.23
08/23/2021,41.00,39.00,41.08,38.84,33.90,2.63
08/24/2021,40.17,41.10,41.21,39.97,44.87,-2.02
08/25/2021,41.55,40.44,42.11,40.04,26.50,3.44
08/26/2021,40.62,41.49,41.94,40.54,17.47,-2.24
08/27/2021,40.69,40.53,41.31,40.50,13.61,0.17
08/30/2021,39.59,40.58,40.74,39.11,29.52,-2.70
08/31/2021,39.14,39.81,40.28,39.13,26.40,-1.14
09/01/2021,40.62,39.98,41.67,39.87,27.79,3.78
09/02/2021,41.40,40.75,41.86,40.54,20.65,1.92
09/03/2021,40.32,41.22,41.58,40.23,15.47,-2.61
09/07/2021,40.95,40.49,41.08,40.31,15.71,1.56
09/08/2021,40.07,40.85,41.34,39.83,16.22,-2.15
09/09/2021,40.35,40.10,40.95,39.84,14.26,0.70
09/10/2021,39.89,40.62,40.83,39.87,14.23,-1.14
09/13/2021,40.07,40.26,41.19,39.26,28.87,0.45
09/14/2021,39.01,39.90,40.10,38.55,36.72,-2.65
09/15/2021,38.48,39.00,39.00,38.08,30.37,-1.36
09/16/2021,39.52,38.30,39.67,38.09,25.37,2.70
09/17/2021,39.75,39.90,40.22,39.29,32.18,0.58
09/20/2021,39.79,38.88,40.22,38.73,35.42,0.10
09/21/2021,44.36,42.34,45.00,42.18,106.63,11.49
09/22/2021,44.87,44.90,46.62,44.61,56.46,1.15
09/23/2021,45.48,45.35,45.84,44.71,26.23,1.36
09/24/2021,46.63,45.46,47.04,45.29,29.46,2.53
09/27/2021,47.25,46.77,47.43,46.19,23.03,1.33
09/28/2021,45.98,46.70,47.00,45.76,23.71,-2.69
09/29/2021,44.52,46.00,46.53,44.30,24.60,-3.18
09/30/2021,44.80,44.71,45.37,43.86,16.66,0.63
10/01/2021,47.05,45.92,47.25,45.79,25.43,5.02
10/04/2021,45.72,46.47,46.83,45.20,21.59,-2.83
10/05/2021,45.61,45.91,46.08,45.35,12.43,-0.24
10/06/2021,47.01,45.33,47.18,45.00,24.87,3.07
10/07/2021,47.91,47.64,48.24,46.89,25.96,1.91
10/08/2021,47.77,48.08,48.88,47.60,17.98,-0.29
10/11/2021,46.29,47.70,47.87,46.28,16.34,-3.10
10/12/2021,46.72,46.33,47.05,46.15,12.40,0.93
10/13/2021,46.41,46.26,47.00,45.94,13.75,-0.66
10/14/2021,47.28,46.98,47.94,46.84,18.51,1.87
10/15/2021,48.36,47.91,48.84,47.34,20.58,2.28
10/18/2021,47.07,47.68,47.95,46.75,19.81,-2.67
10/19/2021,47.05,47.20,47.69,46.74,16.50,-0.04
10/20/2021,46.00,47.15,47.54,45.93,15.57,-2.23
10/21/2021,46.47,45.97,47.54,45.52,15.74,1.02
10/22/2021,45.51,46.00,46.50,45.23,19.26,-2.07
10/25/2021,45.72,45.67,46.07,45.02,12.96,0.46
10/26/2021,46.02,46.28,47.69,45.86,19.49,0.66
10/27/2021,44.73,46.47,46.55,44.17,27.00,-2.80
10/28/2021,44.62,45.00,45.41,44.38,14.77,-0.25
10/29/2021,43.82,44.49,44.80,43.57,18.28,-1.79
11/01/2021,44.36,44.07,45.03,43.65,20.98,1.23
11/02/2021,42.89,44.34,44.35,42.33,28.00,-3.31
11/03/2021,45.72,45.33,46.26,44.71,38.50,6.60
11/04/2021,45.27,45.54,46.53,44.99,31.90,-0.98
11/05/2021,47.19,47.50,48.74,46.61,45.64,4.24
11/08/2021,45.89,47.08,47.65,45.82,25.26,-2.75
11/09/2021,45.51,45.91,45.98,43.68,33.59,-0.83
11/10/2021,43.38,44.90,45.25,42.60,33.71,-4.68
11/11/2021,43.28,43.32,43.72,42.44,27.31,-0.23
11/12/2021,45.12,43.57,45.13,43.57,29.80,4.25
11/15/2021,43.61,45.11,45.26,43.56,19.69,-3.35
11/16/2021,45.76,45.54,46.66,44.86,46.22,4.93
11/17/2021,44.11,45.36,45.64,43.90,25.04,-3.61
11/18/2021,45.00,44.53,45.33,43.58,27.84,2.02
11/19/2021,44.23,43.93,44.72,43.50,21.47,-1.71
11/22/2021,42.60,43.96,44.40,41.81,31.36,-3.69
11/23/2021,42.68,42.38,43.14,41.60,18.10,0.19
11/24/2021,42.08,42.00,42.37,41.24,17.12,-1.41
11/26/2021,40.52,39.61,40.62,38.77,35.45,-3.71
11/29/2021,39.70,41.06,41.25,38.78,27.72,-2.02
11/30/2021,38.00,39.25,39.95,37.03,55.27,-4.28
12/01/2021,36.02,39.45,39.50,35.80,47.37,-5.21
12/02/2021,38.12,36.55,38.40,36.45,32.27,5.83
12/03/2021,35.85,37.42,37.84,35.26,47.39,-5.95
12/06/2021,38.49,35.95,38.69,35.44,36.69,7.36
12/07/2021,38.08,39.40,40.22,37.76,40.44,-1.07
12/08/2021,38.81,38.30,39.41,38.01,29.69,1.92
12/09/2021,37.54,38.44,38.70,37.47,22.99,-3.27
12/10/2021,36.67,37.41,37.87,36.61,25.76,-2.32
12/13/2021,35.73,36.18,36.31,34.88,38.39,-2.56
12/14/2021,37.26,35.25,38.45,35.21,45.49,4.28
12/15/2021,37.83,36.91,38.38,36.24,37.61,1.53
12/16/2021,37.70,38.25,38.58,37.13,31.48,-0.34
12/17/2021,39.68,37.20,40.00,36.74,51.05,5.25
12/20/2021,39.70,38.45,40.15,38.08,28.15,0.05
12/21/2021,41.97,39.82,42.08,39.82,28.39,5.72
12/22/2021,43.02,41.95,43.23,41.45,27.68,2.50
12/23/2021,43.91,43.03,44.35,42.76,21.76,2.07
12/27/2021,42.96,43.44,44.24,42.82,28.28,-2.16
12/28/2021,42.54,42.60,43.74,42.30,21.48,-0.98
12/29/2021,42.46,42.72,42.93,41.81,15.91,-0.19
12/30/2021,42.66,42.29,43.34,42.20,13.52,0.47
12/31/2021,41.93,42.53,43.12,41.93,13.75,-1.71
01/03/2022,43.95,42.48,44.40,41.89,26.36,4.82
01/04/2022,44.42,44.23,44.80,42.58,30.85,1.07
01/05/2022,43.24,44.29,45.90,42.86,28.50,-2.66
01/06/2022,42.03,43.11,44.08,40.97,32.43,-2.80
01/07/2022,41.51,42.00,42.65,41.20,24.88,-1.24
01/10/2022,42.60,41.48,42.81,40.16,29.78,2.63
01/11/2022,43.62,42.36,44.17,42.19,22.16,2.39
01/12/2022,43.04,43.99,44.10,42.53,18.99,-1.33
01/13/2022,42.87,43.34,43.92,42.72,17.19,-0.39
01/14/2022,41.51,42.40,42.72,40.35,25.82,-3.17
01/18/2022,38.41,40.96,40.96,38.37,36.90,-7.47
01/19/2022,37.86,38.21,38.89,37.12,35.55,-1.43
01/20/2022,37.82,38.29,39.64,37.75,21.72,-0.11
01/21/2022,35.94,37.41,37.60,35.85,41.84,-4.97
01/24/2022,36.28,34.91,36.42,33.51,49.28,0.95
01/25/2022,34.82,35.47,36.09,34.51,29.58,-4.02
01/26/2022,34.80,36.07,36.68,34.45,29.50,-0.06
01/27/2022,34.09,35.37,35.79,33.94,26.09,-2.04
01/28/2022,35.21,34.17,35.22,32.81,28.01,3.29
01/31/2022,37.40,35.34,37.54,35.30,22.90,6.22
02/01/2022,38.61,37.63,38.71,37.20,19.67,3.24
02/02/2022,37.17,38.53,38.62,37.03,19.59,-3.73
02/03/2022,34.54,36.08,36.74,34.30,32.19,-7.08
02/04/2022,37.05,35.00,37.35,34.36,33.08,7.27
02/07/2022,37.54,36.99,39.05,36.99,30.30,1.32
02/08/2022,38.34,37.25,38.57,36.95,25.86,2.13
02/09/2022,40.19,38.81,40.40,38.16,52.61,4.83
02/10/2022,37.75,41.00,42.56,37.35,113.92,-6.07
02/11/2022,35.29,37.96,38.65,34.48,72.57,-6.52
02/14/2022,34.59,35.20,35.99,34.32,44.56,-1.98
02/15/2022,37.09,35.44,37.21,35.11,38.18,7.23
02/16/2022,36.58,36.63,37.39,36.27,33.17,-1.38
02/17/2022,35.71,36.13,37.43,35.41,28.43,-2.38
02/18/2022,34.68,35.52,36.33,34.67,28.20,-2.88
02/22/2022,33.68,34.21,35.10,33.28,28.73,-2.88
02/23/2022,32.39,33.89,34.21,32.30,27.25,-3.83
02/24/2022,34.87,29.97,34.95,29.71,42.98,7.66
02/25/2022,34.98,34.84,35.27,34.01,23.69,0.32
02/28/2022,36.03,35.26,36.31,34.98,44.87,3.00
03/01/2022,33.89,35.45,35.60,33.65,31.44,-5.94
03/02/2022,34.04,34.00,34.22,32.97,26.11,0.44
03/03/2022,31.72,34.22,34.29,31.42,38.34,-6.82
03/04/2022,29.83,31.50,31.73,29.27,52.16,-5.96
03/07/2022,28.57,31.48,31.94,28.55,60.27,-4.22
03/08/2022,30.74,28.51,31.57,28.28,55.01,7.60
03/09/2022,31.50,31.75,32.73,31.20,33.73,2.47
03/10/2022,30.41,30.86,31.15,29.84,30.79,-3.46
03/11/2022,30.76,31.30,31.39,30.42,29.45,1.15
03/14/2022,29.27,30.51,30.55,28.80,41.90,-4.84
03/15/2022,29.80,29.52,30.41,29.06,33.06,1.81
03/16/2022,32.61,30.53,32.63,30.27,34.69,9.43
03/17/2022,32.85,32.34,32.92,31.57,27.28,0.74
03/18/2022,33.36,32.52,33.42,32.33,35.83,1.55
03/21/2022,31.98,32.82,32.82,31.25,35.20,-4.14
03/22/2022,33.35,31.93,33.60,31.84,21.85,4.28
03/23/2022,33.06,32.71,33.68,32.57,19.02,-0.87
03/24/2022,34.70,34.74,34.95,33.44,52.53,4.96
03/25/2022,34.06,34.55,34.92,33.55,28.08,-1.84
03/28/2022,34.77,34.14,34.91,33.73,22.18,2.08
03/29/2022,37.19,35.57,37.45,35.57,37.97,6.96
03/30/2022,36.58,36.66,37.09,36.21,22.31,-1.64
03/31/2022,35.68,36.50,36.73,35.37,20.61,-2.46
04/01/2022,35.98,35.68,36.48,35.40,16.79,0.84
04/04/2022,36.51,36.40,36.93,36.22,20.23,1.47
04/05/2022,34.96,36.35,36.61,34.72,20.98,-4.25
04/06/2022,33.41,33.85,34.00,32.55,28.85,-4.43
04/07/2022,32.27,33.34,33.34,31.02,34.58,-3.41
04/08/2022,32.05,31.92,32.55,31.58,17.99,-0.68
04/11/2022,32.04,31.36,32.69,31.11,19.68,-0.03
04/12/2022,31.99,32.40,33.10,31.71,32.62,-0.16
04/13/2022,32.63,32.00,33.11,31.93,20.19,2.00
04/14/2022,32.68,32.86,33.47,32.64,18.76,0.15
04/18/2022,31.79,32.55,32.60,31.42,24.41,-2.72
04/19/2022,33.80,32.16,33.99,31.97,23.32,6.32
04/20/2022,33.21,33.99,34.32,33.18,21.33,-1.75
04/21/2022,31.68,34.25,34.41,31.37,32.94,-4.61
04/22/2022,30.83,31.62,32.22,30.80,22.75,-2.68
04/25/2022,32.44,30.59,32.50,30.46,29.42,5.22
04/26/2022,31.33,32.04,32.20,31.00,26.98,-3.42
04/27/2022,30.68,31.10,31.98,30.16,30.76,-2.07
04/28/2022,32.82,31.00,32.87,30.98,30.25,6.98
04/29/2022,31.48,32.52,33.15,31.41,24.95,-4.08
05/02/2022,30.39,31.24,31.35,29.51,45.65,-3.46
05/03/2022,29.47,30.15,30.59,28.85,58.34,-3.03
05/04/2022,28.10,27.41,28.40,25.90,115.60,-4.65
05/05/2022,26.83,27.87,28.83,26.20,52.80,-4.52
05/06/2022,26.07,26.84,26.84,24.75,56.58,-2.83
05/09/2022,23.05,25.41,26.07,22.80,58.10,-11.58
05/10/2022,23.67,23.85,24.55,22.80,47.98,2.69
05/11/2022,22.57,23.28,24.15,22.50,51.14,-4.65
05/12/2022,23.29,22.15,24.06,21.69,64.00,3.19
05/13/2022,24.39,23.88,24.87,23.68,53.58,4.72
05/16/2022,23.59,24.31,24.46,23.40,27.29,-3.28
05/17/2022,24.20,24.32,24.90,23.59,33.86,2.59
05/18/2022,22.46,23.98,24.19,22.34,35.75,-7.19
05/19/2022,23.24,22.29,23.81,22.20,36.46,3.47
05/20/2022,23.35,23.81,24.10,22.41,32.10,0.47
05/23/2022,23.78,23.32,23.83,22.71,35.20,1.84
05/24/2022,21.55,23.69,23.74,21.41,40.73,-9.38
05/25/2022,22.04,21.71,22.35,21.27,31.27,2.27
05/26/2022,23.10,22.15,23.28,21.92,30.20,4.81
05/27/2022,23.67,23.49,24.13,23.33,29.71,2.47
05/31/2022,23.20,23.50,23.90,23.03,33.19,-1.99
06/01/2022,22.94,23.53,23.87,22.57,26.38,-1.12
06/02/2022,24.74,23.07,24.83,22.94,30.69,7.85
06/03/2022,24.15,24.17,24.50,23.73,24.28,-2.38
06/06/2022,24.73,24.86,25.43,24.28,29.83,2.40
06/07/2022,25.30,24.20,25.70,24.07,27.45,2.30
06/08/2022,25.83,25.70,26.55,25.30,31.23,2.09
06/09/2022,25.44,25.94,26.69,25.35,42.15,-1.51
06/10/2022,23.72,24.80,24.97,23.65,29.90,-6.76
06/13/2022,21.57,22.22,22.58,21.34,33.13,-9.06
06/14/2022,21.09,21.72,21.95,20.89,43.01,-2.23
06/15/2022,22.03,21.34,22.39,21.24,36.07,4.46
06/16/2022,20.47,21.04,21.40,20.16,55.31,-7.08
06/17/2022,21.81,20.37,21.96,20.37,46.73,6.55
06/21/2022,21.76,22.00,22.46,21.69,35.26,-0.23
06/22/2022,21.50,21.41,22.21,21.30,32.35,-1.19
06/23/2022,22.37,21.63,22.44,21.39,27.01,4.05
06/24/2022,23.03,22.48,23.19,22.30,38.14,2.95
06/27/2022,22.86,23.45,23.64,22.34,27.15,-0.74
06/28/2022,22.08,22.97,23.46,22.04,24.36,-3.41
06/29/2022,21.47,22.11,22.15,21.08,30.70,-2.76
06/30/2022,20.46,21.11,21.13,19.90,30.88,-4.70
07/01/2022,21.34,20.70,21.37,20.43,20.69,4.30
07/05/2022,22.52,21.17,22.55,20.83,24.52,5.53
07/06/2022,21.50,21.50,22.08,21.32,32.69,-4.53
07/07/2022,22.74,21.64,22.76,21.61,23.12,5.77
07/08/2022,22.34,22.43,22.96,21.83,20.23,-1.76
07/11/2022,21.19,21.95,22.25,21.14,17.56,-5.15
07/12/2022,21.57,21.28,21.78,20.98,17.37,1.79
07/13/2022,21.50,20.93,21.61,20.72,18.99,-0.32
07/14/2022,20.65,21.25,21.47,20.59,31.56,-3.95
07/15/2022,21.67,21.00,21.78,20.76,24.50,4.94
07/18/2022,22.58,22.17,23.20,22.11,30.94,4.20
07/19/2022,22.67,22.75,23.08,22.19,23.15,0.40
07/20/2022,24.12,22.89,24.22,22.81,27.84,6.40
07/21/2022,24.23,24.02,24.25,23.60,18.43,0.46
07/22/2022,23.30,24.33,24.81,23.08,20.21,-3.84
07/25/2022,23.35,23.27,23.54,22.63,12.92,0.21
07/26/2022,22.55,23.15,23.15,22.45,24.40,-3.43
07/27/2022,23.09,23.00,23.32,22.49,28.38,2.39
07/28/2022,23.31,22.89,23.42,22.14,22.89,0.95
07/29/2022,23.45,23.18,23.49,22.39,29.41,0.60
08/01/2022,24.60,23.43,24.62,22.89,46.96,4.90
08/02/2022,29.25,28.49,29.43,27.10,107.93,18.90
08/03/2022,30.19,29.72,31.43,29.36,62.06,3.21
08/04/2022,31.85,29.78,32.23,29.60,55.57,5.50
08/05/2022,32.01,31.20,32.63,31.04,39.96,0.50
08/08/2022,31.85,32.33,32.96,31.66,28.06,-0.50
08/09/2022,31.06,31.37,31.55,30.72,27.04,-2.48
08/10/2022,32.80,32.44,33.19,32.23,31.32,5.60
08/11/2022,32.24,33.16,33.36,32.04,24.62,-1.71
08/12/2022,32.47,32.59,32.76,31.70,21.95,0.71
08/15/2022,32.49,32.10,32.91,31.93,14.15,0.06
08/16/2022,32.38,32.08,32.72,31.33,28.07,-0.34
08/17/2022,30.72,31.65,31.71,30.44,24.24,-5.13
08/18/2022,30.15,30.56,30.62,29.86,20.83,-1.86
08/19/2022,29.01,29.50,29.57,28.63,24.18,-3.78
08/22/2022,28.00,28.34,28.81,27.87,20.23,-3.48
08/23/2022,27.81,28.06,28.67,27.75,24.30,-0.68
08/24/2022,28.71,27.93,29.22,27.85,20.02,3.24
08/25/2022,29.62,28.89,29.64,28.81,15.47,3.17
08/26/2022,28.58,29.51,29.71,28.36,16.49,-3.51
08/29/2022,28.74,28.10,29.19,28.06,17.25,0.56
08/30/2022,28.71,29.18,29.29,28.12,24.41,-0.10
08/31/2022,28.76,29.11,29.88,28.75,20.74,0.17
09/01/2022,28.92,28.17,28.95,27.69,17.83,0.56
09/02/2022,29.05,29.50,29.64,28.65,14.60,0.45
09/06/2022,28.89,29.34,29.37,28.28,20.42,-0.55
09/07/2022,30.03,28.91,30.15,28.82,20.63,3.95
09/08/2022,30.68,29.42,30.90,29.29,29.39,2.16
09/09/2022,31.78,31.00,32.05,30.89,28.06,3.59
09/12/2022,32.50,31.95,32.62,31.85,29.35,2.27
09/13/2022,31.32,30.69,31.78,30.22,29.36,-3.63
09/14/2022,33.05,31.25,33.14,31.10,34.49,5.52
09/15/2022,33.13,32.95,34.33,32.74,41.85,0.24
09/16/2022,31.93,30.96,32.15,30.88,50.97,-3.62
09/19/2022,31.49,31.44,31.98,31.06,22.87,-1.38
09/20/2022,31.49,31.49,32.56,31.19,23.65,0.00
09/21/2022,30.47,31.45,31.67,30.35,22.33,-3.24
09/22/2022,28.58,30.19,30.19,28.53,29.04,-6.20
09/23/2022,27.82,28.01,28.34,27.36,26.47,-2.66
09/26/2022,26.89,27.71,28.16,26.82,24.95,-3.34
09/27/2022,27.57,27.67,28.49,27.16,22.39,2.53
09/28/2022,28.04,27.43,28.16,27.19,21.29,1.70
09/29/2022,26.42,27.66,27.72,26.00,26.17,-5.78
09/30/2022,26.50,26.16,27.31,26.16,23.89,0.30
10/03/2022,26.72,26.76,26.90,25.96,19.94,0.83
10/04/2022,29.19,27.63,29.25,27.60,25.46,9.24
10/05/2022,29.18,28.48,29.65,28.31,21.46,-0.03
10/06/2022,29.73,29.20,30.24,28.96,25.40,1.88
10/07/2022,28.07,28.83,28.86,27.92,19.69,-5.58
10/10/2022,27.53,28.24,28.45,27.23,13.41,-1.92
10/11/2022,24.66,25.55,26.05,22.94,92.47,-10.42
10/12/2022,25.98,25.05,26.11,24.56,30.95,5.35
10/13/2022,25.00,24.47,26.02,24.19,32.84,-3.77
10/14/2022,24.71,25.65,26.07,24.66,22.55,-1.16
10/17/2022,25.94,25.26,26.26,25.08,25.07,4.98
10/18/2022,27.61,27.07,27.71,26.50,25.64,6.44
10/19/2022,27.53,27.06,27.73,26.85,15.43,-0.29
10/20/2022,27.87,27.32,28.68,27.24,20.84,1.24
10/21/2022,28.02,27.50,28.43,27.16,20.65,0.54
10/24/2022,27.65,27.71,27.98,26.51,19.19,-1.32
10/25/2022,28.36,28.00,28.55,27.33,17.37,2.57
10/26/2022,28.20,28.17,28.98,27.86,17.35,-0.56
10/27/2022,27.82,28.40,28.76,27.66,16.77,-1.35
10/28/2022,27.50,27.81,27.88,26.49,27.12,-1.15
10/31/2022,26.57,27.61,27.73,26.30,37.33,-3.38
11/01/2022,29.75,30.07,31.00,29.12,87.99,11.97
11/02/2022,28.81,29.57,30.16,28.63,37.08,-3.16
11/03/2022,28.73,28.03,29.52,27.71,28.03,-0.28
11/04/2022,28.39,29.44,29.73,28.04,22.30,-1.18
11/07/2022,27.69,28.70,28.83,27.61,19.20,-2.47
11/08/2022,27.44,27.57,28.33,26.82,27.03,-0.90
11/09/2022,26.55,27.31,28.00,26.44,21.19,-3.24
11/10/2022,28.85,28.38,29.32,28.10,35.20,8.66
11/11/2022,29.15,28.95,30.43,28.70,35.86,1.04
11/14/2022,29.07,28.85,29.70,28.79,24.43,-0.27
11/15/2022,31.57,30.25,31.82,30.00,43.07,8.60
11/16/2022,30.04,30.95,31.16,29.83,26.54,-4.85
11/17/2022,28.88,29.10,29.50,28.40,22.68,-3.86
11/18/2022,28.96,29.21,29.41,28.70,15.68,0.28
11/21/2022,28.25,28.52,28.71,28.01,16.16,-2.45
11/22/2022,28.08,28.27,28.33,27.31,20.37,-0.60
11/23/2022,28.79,28.36,28.94,28.14,12.96,2.53
11/25/2022,28.50,28.71,28.88,28.24,5.20,-1.01
11/28/2022,27.76,28.11,28.66,27.73,11.13,-2.60
11/29/2022,27.76,28.05,28.23,27.58,15.01,0.00
11/30/2022,29.14,27.80,29.14,27.64,18.18,4.97
12/01/2022,28.34,29.22,29.60,28.30,18.07,-2.75
12/02/2022,28.75,27.38,28.78,27.19,15.98,1.45
12/05/2022,27.70,28.41,28.86,27.65,17.49,-3.65
12/06/2022,26.92,27.70,27.86,26.70,19.77,-2.82
12/07/2022,26.40,26.61,26.87,26.02,21.19,-1.93
12/08/2022,26.45,26.52,27.03,26.28,14.91,0.19
12/09/2022,26.55,26.40,26.96,26.24,14.25,0.38
12/12/2022,27.03,26.42,27.23,26.11,16.48,1.81
12/13/2022,26.98,28.03,28.45,26.91,27.64,-0.18
12/14/2022,27.47,27.07,27.82,26.77,19.43,1.82
12/15/2022,26.24,26.98,27.11,25.88,19.38,-4.48
12/16/2022,25.97,26.06,26.45,25.66,22.68,-1.03
12/19/2022,24.95,26.02,26.02,24.69,35.62,-3.93
12/20/2022,24.96,24.72,25.28,24.61,28.54,0.04
12/21/2022,25.36,25.15,25.67,24.87,20.44,1.60
12/22/2022,24.64,24.93,25.10,24.04,23.75,-2.84
12/23/2022,24.64,24.46,24.73,24.16,11.61,0.00
12/27/2022,24.40,24.29,24.70,23.90,15.26,-0.97
12/28/2022,24.59,24.21,24.72,24.02,15.67,0.78
12/29/2022,24.91,24.75,25.38,24.29,17.83,1.30
12/30/2022,24.73,24.42,24.85,24.24,20.47,-0.72
01/03/2023,25.36,25.37,25.75,25.02,22.16,2.55
01/04/2023,25.91,25.73,25.97,25.32,14.82,2.17
01/05/2023,25.55,25.73,26.01,25.55,9.94,-1.39
01/06/2023,26.40,25.86,26.54,25.40,19.44,3.33
01/09/2023,27.40,27.30,28.05,27.15,24.96,3.79
01/10/2023,28.04,27.40,28.25,27.15,15.41,2.34
01/11/2023,28.35,28.24,28.52,27.92,15.42,1.11
01/12/2023,29.03,28.85,29.18,28.20,17.51,2.40
01/13/2023,29.44,28.68,29.50,28.66,16.94,1.41
01/17/2023,29.20,29.44,29.78,28.95,20.82,-0.82
01/18/2023,28.96,29.95,30.09,28.89,25.26,-0.82
01/19/2023,29.03,28.47,29.29,28.34,15.65,0.24
01/20/2023,30.36,29.30,30.39,29.12,23.01,4.58
01/23/2023,30.53,30.63,31.11,30.26,22.04,0.56
01/24/2023,29.93,30.00,31.20,27.01,14.46,-1.97
01/25/2023,30.29,29.22,30.40,28.80,14.49,1.20
01/26/2023,30.02,30.53,30.65,29.31,25.38,-0.89
01/27/2023,30.36,29.70,30.60,29.50,18.22,1.13
01/30/2023,29.63,30.20,30.54,29.59,17.97,-2.40
01/31/2023,30.93,29.75,30.96,29.74,15.61,4.39
02/01/2023,31.49,30.88,31.85,30.64,21.21,1.81
02/02/2023,33.05,32.42,33.47,32.42,32.05,4.95
02/03/2023,33.09,32.17,33.95,32.15,25.80,0.12
02/06/2023,33.90,33.53,34.21,32.90,33.59,2.45
02/07/2023,34.90,33.66,35.06,33.41,59.37,2.95
02/08/2023,36.83,37.43,37.58,34.50,109.60,5.53
02/09/2023,35.89,36.89,37.36,35.65,44.07,-2.55
02/10/2023,34.30,34.40,35.40,34.05,41.94,-4.43
02/13/2023,33.44,34.50,34.52,33.35,35.04,-2.51
02/14/2023,35.23,33.11,35.36,32.72,38.86,5.35
02/15/2023,36.23,35.01,36.24,34.72,31.49,2.84
02/16/2023,36.22,35.60,36.73,35.45,28.20,-0.03
02/17/2023,34.77,35.96,36.23,34.57,27.95,-4.00
02/21/2023,34.20,33.78,34.39,33.49,24.70,-1.64
02/22/2023,34.54,34.35,35.17,34.22,23.29,0.99
02/23/2023,34.47,34.79,34.80,33.70,23.66,-0.20
02/24/2023,33.40,33.70,33.92,33.02,19.10,-3.10
02/27/2023,33.55,33.67,33.85,33.06,19.08,0.45
02/28/2023,33.26,33.75,34.00,33.17,17.14,-0.86
03/01/2023,32.99,33.43,33.58,32.89,14.40,-0.81
03/02/2023,33.69,32.54,33.80,32.23,17.98,2.12
03/03/2023,34.57,34.00,34.59,33.80,14.99,2.61
03/06/2023,33.88,34.58,35.11,33.85,18.90,-2.00
03/07/2023,34.14,33.85,35.00,33.60,25.54,0.77
03/08/2023,34.01,34.01,34.63,33.52,16.17,-0.38
03/09/2023,32.32,34.41,34.52,32.28,27.63,-4.97
03/10/2023,31.11,32.00,32.03,30.77,32.55,-3.74
03/13/2023,30.82,30.58,31.08,29.97,24.30,-0.93
03/14/2023,32.36,32.94,33.42,32.16,34.24,5.00
03/15/2023,31.97,31.83,32.24,31.39,28.43,-1.21
03/16/2023,32.73,31.59,32.90,31.55,20.09,2.38
03/17/2023,31.78,32.38,32.47,31.51,27.10,-2.90
03/20/2023,31.93,31.60,32.36,31.46,14.16,0.47
03/21/2023,32.86,32.33,33.14,32.23,19.78,2.91
03/22/2023,31.52,32.58,32.72,31.50,24.64,-4.08
03/23/2023,31.18,31.88,32.20,30.75,16.81,-1.08
03/24/2023,30.75,30.94,31.15,30.29,14.79,-1.38
03/27/2023,30.62,31.03,31.04,30.14,17.92,-0.42
03/28/2023,30.07,30.53,30.86,29.98,23.09,-1.80
03/29/2023,30.87,30.62,30.90,30.20,18.92,2.66
03/30/2023,31.19,31.50,31.85,30.88,16.26,1.04
03/31/2023,31.70,31.42,31.84,31.21,14.82,1.64
04/03/2023,31.46,31.50,31.75,31.17,23.53,-0.76
04/04/2023,31.39,31.94,32.13,31.28,15.15,-0.22
04/05/2023,31.12,30.95,31.24,30.47,17.24,-0.86
04/06/2023,31.18,30.93,31.49,30.50,14.49,0.19
04/10/2023,31.74,30.96,31.78,30.61,16.46,1.80
04/11/2023,31.12,31.75,31.80,30.88,16.91,-1.95
04/12/2023,30.59,31.19,31.45,30.40,15.96,-1.70
04/13/2023,31.44,30.83,31.59,30.69,15.08,2.78
04/14/2023,31.48,31.31,31.62,30.93,11.85,0.13
04/17/2023,32.08,32.19,32.19,31.63,25.21,1.91
04/18/2023,31.73,32.37,32.93,31.61,18.70,-1.09
04/19/2023,32.04,31.35,32.37,31.16,13.82,0.98
04/20/2023,31.50,31.52,32.04,31.40,12.75,-1.69
04/21/2023,30.83,31.36,31.46,29.71,40.54,-2.13
04/24/2023,30.68,30.68,31.06,30.23,14.60,-0.49
04/25/2023,29.59,30.34,30.47,29.55,20.40,-3.55
04/26/2023,29.68,29.70,30.12,29.47,14.28,0.30
04/27/2023,29.70,30.07,30.17,29.22,27.29,0.07
04/28/2023,31.05,29.62,31.27,29.42,28.52,4.55
05/01/2023,32.74,32.00,33.00,31.76,49.87,5.44
05/02/2023,36.52,35.02,36.63,34.23,102.99,11.55
05/03/2023,37.84,36.75,38.35,36.35,68.58,3.61
05/04/2023,37.49,37.48,37.80,36.69,44.82,-0.92
05/05/2023,37.75,37.48,37.95,36.87,24.68,0.69
05/08/2023,38.83,37.82,38.93,37.48,30.99,2.86
05/09/2023,38.19,38.49,38.58,37.90,19.39,-1.65
05/10/2023,38.79,38.60,38.95,38.17,19.53,1.57
05/11/2023,38.42,38.64,39.18,38.34,16.52,-0.95
05/12/2023,38.45,38.64,39.23,38.20,21.63,0.08
05/15/2023,38.14,38.34,38.48,37.99,17.83,-0.81
05/16/2023,37.44,37.93,38.15,37.44,21.84,-1.84
05/17/2023,37.84,37.73,37.96,37.36,19.53,1.07
05/18/2023,39.25,37.98,39.49,37.76,27.83,3.73
05/19/2023,39.18,39.25,39.49,38.92,19.79,-0.18
05/22/2023,39.17,39.13,40.50,39.08,27.58,-0.03
05/23/2023,38.66,38.99,39.65,38.51,18.68,-1.30
05/24/2023,37.96,38.05,38.66,37.77,22.07,-1.81
05/25/2023,37.95,38.48,38.58,37.53,18.63,-0.03
05/26/2023,38.45,38.24,38.76,38.22,14.44,1.32
05/30/2023,37.56,38.73,39.06,37.56,18.14,-2.31
05/31/2023,37.93,37.25,38.05,37.07,34.51,0.99
06/01/2023,38.48,37.50,38.50,37.26,17.12,1.45
06/02/2023,39.73,39.00,39.89,39.00,21.22,3.25
06/05/2023,40.42,39.50,40.79,39.46,25.72,1.74
06/06/2023,40.25,40.25,40.73,39.93,14.57,-0.42
06/07/2023,38.99,40.24,40.25,38.61,23.65,-3.13
06/08/2023,40.26,39.18,40.63,39.04,20.30,3.26
06/09/2023,40.99,40.05,41.00,40.02,21.98,1.81
06/12/2023,41.74,41.26,41.74,41.06,16.02,1.83
06/13/2023,41.41,41.75,41.83,40.89,16.66,-0.79
06/14/2023,41.27,41.30,41.59,40.57,15.08,-0.34
06/15/2023,43.36,41.02,43.75,40.94,41.48,5.06
06/16/2023,43.52,43.07,43.67,42.53,27.99,0.37
06/20/2023,42.17,42.77,43.47,42.02,19.94,-3.10
06/21/2023,42.66,42.50,43.22,41.77,21.92,1.16
06/22/2023,42.81,42.30,43.87,42.21,19.54,0.35
06/23/2023,43.34,42.59,43.76,42.33,23.19,1.24
06/26/2023,44.42,43.75,45.04,43.68,33.69,2.49
06/27/2023,43.83,44.69,44.83,43.75,29.65,-1.33
06/28/2023,44.24,43.50,45.24,43.32,28.19,0.94
06/29/2023,42.58,44.09,44.28,42.11,28.60,-3.75
06/30/2023,43.17,43.11,43.43,42.92,17.59,1.39
07/03/2023,43.09,43.17,43.40,42.58,7.58,-0.19
07/05/2023,43.66,42.89,43.88,42.89,15.73,1.32
07/06/2023,42.11,42.99,43.00,41.87,18.05,-3.55
07/07/2023,42.91,42.07,43.12,41.94,14.94,1.90
07/10/2023,42.78,42.58,43.20,42.44,15.82,-0.30
07/11/2023,44.36,42.10,44.67,41.75,32.17,3.69
07/12/2023,44.52,45.00,45.22,43.97,21.83,0.36
07/13/2023,45.64,45.21,45.94,44.62,21.19,2.52
07/14/2023,44.75,45.90,46.40,44.56,22.05,-1.95
07/17/2023,45.51,44.68,45.65,44.50,21.94,1.70
07/18/2023,47.41,45.34,47.75,45.34,42.62,4.17
07/19/2023,47.12,47.10,47.90,46.55,21.99,-0.61
07/20/2023,46.57,46.07,47.50,45.86,23.09,-1.17
07/21/2023,47.23,46.55,47.34,46.28,20.18,1.42
07/24/2023,47.32,47.06,47.55,46.84,16.67,0.19
07/25/2023,47.17,47.20,47.73,46.93,14.19,-0.32
07/26/2023,47.31,47.05,47.56,46.62,16.67,0.30
07/27/2023,46.61,48.00,48.09,46.35,17.99,-1.48
07/28/2023,48.14,47.14,48.43,46.71,17.15,3.28
07/31/2023,49.46,48.85,49.49,48.15,38.74,2.74
08/01/2023,46.65,48.67,49.03,46.01,82.28,-5.68
08/02/2023,46.96,46.06,47.71,45.67,36.30,0.66
08/03/2023,45.91,46.22,47.85,45.79,25.31,-2.24
08/04/2023,45.20,46.00,46.38,45.02,25.66,-1.55
08/07/2023,44.95,45.01,45.53,44.38,22.12,-0.55
08/08/2023,45.16,44.50,45.24,44.08,14.74,0.47
08/09/2023,44.11,45.25,45.46,43.84,20.11,-2.33
08/10/2023,44.60,44.13,45.18,44.09,16.91,1.11
08/11/2023,43.71,44.00,44.30,43.31,16.18,-2.00
08/14/2023,44.85,43.50,44.88,42.95,15.83,2.61
08/15/2023,44.08,44.70,44.88,44.01,13.40,-1.72
08/16/2023,43.65,43.98,44.33,43.40,14.98,-0.98
08/17/2023,43.97,44.18,44.86,43.91,21.33,0.73
08/18/2023,44.69,43.27,44.84,43.19,17.14,1.64
08/21/2023,44.63,44.98,45.30,44.01,15.36,-0.13
08/22/2023,44.35,44.94,45.18,44.02,13.60,-0.63
08/23/2023,45.14,44.00,45.62,44.00,14.63,1.78
08/24/2023,44.68,45.24,45.72,44.64,18.13,-1.02
08/25/2023,43.96,44.71,44.84,43.08,19.13,-1.61
08/28/2023,44.15,44.11,44.52,43.71,10.42,0.43
08/29/2023,45.35,44.21,45.58,44.12,11.34,2.72
08/30/2023,46.51,45.35,46.75,45.30,19.87,2.56
08/31/2023,47.23,46.69,47.57,46.52,19.26,1.55
09/01/2023,47.04,47.51,47.70,46.83,14.61,-0.40
09/05/2023,46.55,46.87,47.14,46.30,16.46,-1.04
09/06/2023,45.90,46.34,46.85,45.61,14.26,-1.40
09/07/2023,46.27,45.50,46.68,45.25,14.97,0.81
09/08/2023,47.24,46.34,47.25,46.27,15.97,2.10
09/11/2023,48.94,47.74,48.97,47.65,19.01,3.60
09/12/2023,47.92,48.34,49.19,47.90,18.81,-2.08
09/13/2023,48.16,47.51,48.36,47.28,12.69,0.50
09/14/2023,48.32,48.63,48.69,47.81,13.07,0.33
09/15/2023,47.52,48.19,48.49,47.27,16.13,-1.66
09/18/2023,46.51,47.30,47.35,46.48,15.03,-2.13
09/19/2023,47.59,46.40,47.76,46.21,19.19,2.32
09/20/2023,46.55,46.87,47.54,46.40,22.58,-2.19
09/21/2023,44.60,45.79,45.79,43.93,27.88,-4.19
09/22/2023,44.41,45.16,45.35,44.03,16.16,-0.43
09/25/2023,44.91,44.14,45.11,44.11,9.18,1.13
09/26/2023,44.27,44.50,45.39,44.04,11.28,-1.43
09/27/2023,45.14,44.51,45.47,44.44,16.84,1.97
09/28/2023,46.14,44.92,46.58,44.92,22.20,2.22
09/29/2023,45.99,46.75,46.92,45.85,14.25,-0.33
10/02/2023,45.68,45.57,46.29,45.10,14.98,-0.67
10/03/2023,44.51,45.36,45.60,44.33,11.03,-2.56
10/04/2023,44.94,44.79,45.49,44.18,12.48,0.97
10/05/2023,44.61,44.84,44.93,43.65,14.52,-0.73
10/06/2023,45.78,44.06,45.94,44.06,14.38,2.62
10/09/2023,45.45,45.15,45.60,44.58,11.42,-0.72
10/10/2023,46.63,45.75,47.28,45.55,14.54,2.60
10/11/2023,46.64,46.90,47.21,46.26,12.99,0.02
10/12/2023,45.95,46.54,47.04,45.60,15.98,-1.48
10/13/2023,43.48,45.82,46.29,42.70,28.22,-5.38
10/16/2023,44.71,43.76,45.00,43.47,20.45,2.83
10/17/2023,44.38,44.41,45.26,44.05,17.34,-0.74
10/18/2023,43.00,43.90,44.20,42.91,15.39,-3.11
10/19/2023,42.72,43.02,43.27,42.19,16.09,-0.65
10/20/2023,42.96,42.72,43.35,42.26,13.97,0.56
10/23/2023,43.04,42.53,43.97,42.25,11.28,0.19
10/24/2023,44.19,43.50,44.33,43.38,17.57,2.67
10/25/2023,42.35,43.30,43.49,42.06,16.50,-4.16
10/26/2023,40.62,42.14,42.30,40.09,23.47,-4.09
10/27/2023,41.23,41.21,42.15,40.80,17.10,1.50
10/30/2023,42.73,42.01,43.00,42.01,21.29,3.64
10/31/2023,43.28,42.82,43.53,42.20,18.41,1.29
11/01/2023,43.83,43.25,44.00,42.91,18.99,1.27
11/02/2023,46.48,45.35,46.86,45.25,25.82,6.05
11/03/2023,47.75,46.92,48.15,46.63,21.96,2.73
11/06/2023,48.14,47.94,48.30,47.43,27.84,0.82
11/07/2023,49.92,47.00,50.04,46.68,81.37,3.70
11/08/2023,49.50,50.04,50.30,48.90,37.73,-0.84
11/09/2023,50.05,49.30,50.68,49.02,29.96,1.11
11/10/2023,51.58,50.01,52.10,49.90,27.24,3.06
11/13/2023,52.24,51.17,52.42,50.72,21.03,1.28
11/14/2023,53.88,52.90,54.31,52.39,30.62,3.14
11/15/2023,53.76,53.92,54.26,53.16,22.42,-0.22
11/16/2023,54.42,53.50,54.51,53.15,20.81,1.23
11/17/2023,54.44,54.13,54.51,54.01,16.12,0.04
11/20/2023,54.75,53.83,55.35,53.76,28.53,0.57
11/21/2023,54.85,54.23,55.08,53.89,34.12,0.18
11/22/2023,55.37,55.10,55.82,54.96,18.47,0.95
11/24/2023,55.32,55.15,55.94,55.07,10.70,-0.09
11/27/2023,56.06,55.47,56.46,55.29,19.10,1.34
11/28/2023,56.21,55.98,56.45,55.69,20.46,0.27
11/29/2023,56.40,56.49,57.13,56.15,23.50,0.34
11/30/2023,56.38,56.61,56.77,55.53,32.77,-0.04
12/01/2023,57.35,56.67,57.87,56.25,28.54,1.72
12/04/2023,58.63,60.01,60.92,58.57,85.42,2.23
12/05/2023,57.97,58.01,58.66,57.70,39.17,-1.13
12/06/2023,59.75,58.37,59.98,58.36,33.84,3.07
12/07/2023,60.98,59.67,60.99,59.53,34.41,2.06
12/08/2023,61.70,60.51,62.25,60.51,28.85,1.18
12/11/2023,62.46,61.53,62.99,60.94,30.39,1.23
12/12/2023,62.72,62.06,63.03,61.83,27.14,0.42
12/13/2023,61.97,62.71,62.88,61.45,41.66,-1.20
12/14/2023,62.50,62.01,62.81,60.61,44.82,0.86
12/15/2023,61.86,62.16,63.53,61.41,364.26,-1.02
12/18/2023,61.73,62.01,62.49,61.33,28.61,-0.21
12/19/2023,62.12,61.88,62.70,61.69,26.81,0.63
12/20/2023,60.68,61.49,62.28,60.62,28.29,-2.32
12/21/2023,61.46,61.24,61.76,60.83,20.00,1.29
12/22/2023,61.71,61.70,62.24,61.28,14.72,0.41
12/26/2023,61.98,61.71,62.20,61.31,16.08,0.44
12/27/2023,63.28,62.00,63.43,62.00,20.81,2.10
12/28/2023,63.14,63.45,63.53,62.83,13.80,-0.22
12/29/2023,61.57,62.36,63.14,61.30,21.62,-2.49
01/02/2024,58.38,60.73,60.91,57.93,41.98,-5.18
01/03/2024,58.25,57.48,58.90,57.33,31.80,-0.22
01/04/2024,57.80,58.25,58.99,57.73,20.37,-0.77
01/05/2024,57.58,58.11,58.51,57.22,17.89,-0.38
01/08/2024,59.01,58.09,59.16,57.85,21.21,2.48
01/09/2024,60.30,58.50,60.54,58.45,22.32,2.19
01/10/2024,62.41,60.28,62.61,60.28,30.79,3.50
01/11/2024,63.47,62.99,63.61,61.86,28.89,1.70
01/12/2024,63.20,63.20,64.92,63.00,26.37,-0.43
01/16/2024,63.65,63.00,64.00,62.92,19.51,0.71
01/17/2024,63.12,62.95,63.42,61.68,19.97,-0.83
01/18/2024,64.88,64.00,65.00,63.38,24.15,2.79
01/19/2024,65.11,64.90,65.39,64.41,20.34,0.35
01/22/2024,64.55,65.44,65.61,64.15,17.85,-0.86
01/23/2024,64.32,64.50,64.81,63.69,13.62,-0.36
01/24/2024,63.76,64.00,64.40,63.22,17.24,-0.87
01/25/2024,66.00,64.28,66.03,63.71,21.96,3.51
01/26/2024,65.52,65.65,66.04,65.29,13.10,-0.73
01/29/2024,66.98,65.60,67.10,65.56,15.90,2.23
01/30/2024,66.84,66.90,67.69,66.22,17.56,-0.21
01/31/2024,65.27,65.70,66.25,64.85,17.03,-2.35
02/01/2024,66.73,66.12,66.85,65.59,12.50,2.24
02/02/2024,68.07,66.98,68.25,66.51,18.67,2.01
02/05/2024,68.99,68.24,69.99,67.86,26.08,1.35
02/06/2024,70.47,69.06,70.68,68.44,34.60,2.15
02/07/2024,70.65,67.60,71.90,67.24,43.37,0.26
02/08/2024,71.61,71.93,73.05,71.19,21.62,1.36
02/09/2024,70.91,71.43,72.04,69.69,20.86,-0.98
02/12/2024,69.12,71.00,71.38,68.74,19.55,-2.52
02/13/2024,68.99,67.89,69.55,66.71,22.86,-0.19
02/14/2024,79.15,74.60,79.20,74.31,69.85,14.73
02/15/2024,81.39,79.00,81.86,78.28,40.33,2.83
02/16/2024,78.41,80.55,80.88,78.11,24.46,-3.66
02/20/2024,76.60,78.23,78.42,75.82,23.82,-2.31
02/21/2024,76.44,76.32,77.49,75.88,15.10,-0.21
02/22/2024,78.03,79.59,79.72,77.51,16.77,2.08
02/23/2024,78.20,78.50,78.97,77.72,15.65,0.22
02/26/2024,78.36,78.28,78.50,77.30,16.62,0.20
02/27/2024,78.75,78.64,79.75,77.81,13.71,0.50
02/28/2024,77.73,78.60,78.66,77.42,11.85,-1.30
02/29/2024,79.50,78.35,79.68,77.93,19.41,2.28
03/01/2024,81.03,79.50,81.47,79.32,18.53,1.92
03/04/2024,81.30,81.94,82.14,80.79,15.99,0.33
03/05/2024,79.09,80.83,80.85,77.43,19.76,-2.72
03/06/2024,78.64,80.17,80.99,78.53,13.73,-0.57
03/07/2024,79.41,79.40,80.07,78.26,13.87,0.98
03/08/2024,78.70,79.94,81.98,78.21,16.41,-0.89
03/11/2024,77.47,78.70,78.89,76.53,13.78,-1.56
03/12/2024,78.32,78.01,78.48,77.48,11.30,1.10
03/13/2024,78.25,78.00,79.69,77.93,12.07,-0.09
03/14/2024,77.65,78.34,78.48,76.90,12.74,-0.77
03/15/2024,76.07,77.00,77.84,75.77,24.55,-2.03
03/18/2024,75.70,77.00,77.00,73.66,18.94,-0.49
03/19/2024,77.08,75.38,77.18,74.19,13.04,1.82
03/20/2024,78.64,77.09,78.95,76.75,11.49,2.02
03/21/2024,80.25,79.60,81.23,79.09,16.19,2.05
03/22/2024,80.23,79.80,80.45,79.20,8.87,-0.02
03/25/2024,79.41,79.99,81.04,79.39,10.25,-1.02
03/26/2024,77.91,79.80,80.18,77.78,12.44,-1.89
03/27/2024,78.11,78.96,79.00,76.85,13.16,0.26
03/28/2024,76.99,77.90,78.05,76.89,13.42,-1.43
04/01/2024,76.40,77.00,77.78,76.00,12.20,-0.77
04/02/2024,76.98,75.66,77.33,74.97,15.84,0.76
04/03/2024,76.81,76.84,78.85,76.54,19.88,-0.22
04/04/2024,74.92,77.24,77.67,74.48,17.19,-2.46
04/05/2024,77.16,75.34,78.39,74.92,21.57,2.99
04/08/2024,75.03,76.70,76.86,73.95,22.87,-2.76
04/09/2024,75.14,74.77,75.50,73.33,13.77,0.15
04/10/2024,74.35,74.40,75.31,73.54,12.53,-1.05
04/11/2024,76.18,74.80,76.56,74.71,13.65,2.46
04/12/2024,75.28,75.05,75.82,74.49,11.59,-1.18
04/15/2024,73.40,76.38,76.68,72.88,16.09,-2.50
04/16/2024,74.13,73.39,74.70,72.70,14.51,0.99
04/17/2024,71.94,75.00,75.61,71.04,15.36,-2.95
04/18/2024,71.30,72.26,72.86,70.64,20.43,-0.89
04/19/2024,69.20,71.15,71.15,68.38,23.19,-2.95
04/22/2024,68.98,70.48,70.89,68.48,26.80,-0.32
04/23/2024,70.80,70.02,71.14,69.62,16.81,2.64
04/24/2024,69.36,70.15,70.22,67.36,27.52,-2.03
04/25/2024,69.31,67.86,70.29,67.38,20.55,-0.07
04/26/2024,69.05,69.97,70.15,68.70,16.19,-0.38
04/29/2024,67.40,68.50,68.66,67.20,21.14,-2.39
04/30/2024,66.27,67.22,68.60,66.07,22.71,-1.68
05/01/2024,67.79,66.04,69.41,65.86,21.28,2.29
05/02/2024,68.57,68.40,69.04,67.63,18.23,1.15
05/03/2024,69.23,69.85,70.34,69.03,15.56,0.96
05/06/2024,71.51,71.00,73.82,70.83,25.00,3.29
05/07/2024,70.43,72.64,72.64,69.80,24.43,-1.51
05/08/2024,66.40,64.50,67.20,63.84,84.22,-5.72
05/09/2024,67.93,66.81,68.57,66.75,27.97,2.30
05/10/2024,66.99,67.82,67.90,66.40,18.92,-1.38
05/13/2024,66.02,67.00,67.06,64.72,18.98,-1.45
05/14/2024,65.32,65.85,66.10,64.75,19.46,-1.06
05/15/2024,66.62,66.00,66.66,65.22,16.31,1.99
05/16/2024,66.05,66.97,67.33,66.00,19.92,-0.86
05/17/2024,65.67,66.50,66.64,65.52,15.70,-0.58
05/20/2024,64.65,65.64,65.87,64.31,15.86,-1.55
05/21/2024,63.97,64.13,64.65,63.81,16.59,-1.05
05/22/2024,65.48,64.82,66.09,64.52,22.56,2.36
05/23/2024,63.60,65.56,65.80,63.25,20.12,-2.87
05/24/2024,64.26,63.78,64.76,63.62,10.39,1.04
05/28/2024,63.52,64.61,64.61,63.10,14.21,-1.15
05/29/2024,64.93,63.01,65.36,62.91,16.99,2.22
05/30/2024,64.12,64.79,65.41,63.72,12.69,-1.25
05/31/2024,64.56,64.20,64.63,63.14,17.32,0.69
06/03/2024,63.79,64.78,64.96,62.94,14.92,-1.19
06/04/2024,64.55,64.06,65.19,63.70,12.69,1.19
06/05/2024,65.82,64.94,66.28,64.21,19.51,1.97
06/06/2024,68.90,67.45,69.69,67.33,25.87,4.68
06/07/2024,69.31,68.90,69.71,68.11,13.93,0.60
06/10/2024,68.60,69.28,69.69,66.56,19.17,-1.02
06/11/2024,69.59,68.60,69.60,67.76,12.74,1.44
06/12/2024,73.15,71.31,73.60,71.00,24.44,5.12
06/13/2024,70.86,73.16,73.16,70.24,17.11,-3.13
06/14/2024,70.06,70.91,71.00,69.32,11.60,-1.13
06/17/2024,70.49,69.91,70.83,69.83,14.76,0.61
06/18/2024,70.33,70.60,71.21,69.89,9.51,-0.23
06/20/2024,70.30,70.51,71.12,69.73,10.66,-0.04
06/21/2024,70.21,70.04,70.25,69.23,20.91,-0.13
06/24/2024,70.54,69.83,71.23,69.75,12.48,0.47
06/25/2024,71.38,71.86,72.94,70.22,18.91,1.19
06/26/2024,70.85,70.94,71.60,70.55,10.23,-0.74
06/27/2024,70.34,70.98,71.32,70.07,9.65,-0.72
06/28/2024,72.68,70.81,73.26,70.77,21.38,3.33
07/01/2024,71.10,72.20,72.58,69.40,13.44,-2.17
07/02/2024,70.67,71.25,71.26,68.88,14.32,-0.60
07/03/2024,71.30,70.66,72.14,70.50,7.87,0.89
07/05/2024,71.06,70.99,71.42,70.39,6.60,-0.34
07/08/2024,71.25,71.31,71.78,70.75,7.23,0.27
07/09/2024,71.32,71.40,72.28,71.13,8.76,0.10
07/10/2024,69.27,71.50,71.50,68.38,14.64,-2.87
07/11/2024,73.53,69.51,73.64,68.85,26.70,6.15
07/12/2024,72.43,72.11,73.80,72.11,14.68,-1.50
07/15/2024,72.29,73.06,73.25,70.76,13.47,-0.19
07/16/2024,74.30,73.11,75.40,73.11,17.53,2.78
07/17/2024,68.62,73.38,73.41,68.56,27.88,-7.64
07/18/2024,66.26,69.00,69.34,65.81,21.99,-3.44
07/19/2024,67.31,66.78,67.44,66.10,12.81,1.58
07/22/2024,67.73,67.53,68.78,67.08,13.41,0.62
07/23/2024,67.52,68.05,69.10,67.28,9.54,-0.31
07/24/2024,66.14,67.27,67.79,65.78,15.19,-2.04
07/25/2024,65.74,66.00,69.37,64.40,22.60,-0.60
07/26/2024,64.40,66.10,66.26,64.18,17.38,-2.04
07/29/2024,63.76,64.83,65.26,63.72,16.91,-0.99
07/30/2024,63.09,64.15,64.77,62.61,16.51,-1.05
07/31/2024,64.47,63.88,65.18,63.66,18.21,2.19
08/01/2024,61.02,64.86,65.00,60.76,18.97,-5.35
08/02/2024,58.99,59.38,59.58,56.86,27.65,-3.33
08/05/2024,58.48,55.53,58.65,54.84,32.06,-0.86
08/06/2024,64.87,62.55,65.82,60.50,53.34,10.93
08/07/2024,65.54,65.56,68.40,65.49,31.49,1.03
08/08/2024,69.01,66.53,69.17,65.95,21.78,5.29
08/09/2024,68.54,69.14,69.38,67.75,12.77,-0.68
08/12/2024,69.26,68.61,69.31,68.02,10.83,1.05
08/13/2024,71.06,69.77,71.19,69.38,15.47,2.60
08/14/2024,71.93,71.60,72.00,70.61,12.34,1.22
08/15/2024,72.73,72.51,73.42,72.29,13.71,1.11
08/16/2024,72.04,72.50,73.35,71.75,11.55,-0.95
08/19/2024,74.18,72.00,74.22,71.79,13.82,2.97
08/20/2024,73.31,74.27,74.48,73.28,10.25,-1.17
08/21/2024,73.48,73.72,74.29,73.06,9.29,0.23
08/22/2024,73.31,73.55,74.12,72.67,9.57,-0.23
08/23/2024,74.30,72.85,74.46,72.35,13.07,1.35
08/26/2024,72.61,74.30,74.30,72.11,11.00,-2.27
08/27/2024,72.56,72.49,73.09,71.80,7.29,-0.07
08/28/2024,71.85,72.50,72.55,71.02,9.53,-0.98
08/29/2024,72.24,72.50,73.28,72.13,9.30,0.54
08/30/2024,73.13,72.89,73.42,72.06,12.68,1.23
09/03/2024,71.89,72.57,73.61,71.21,13.05,-1.70
09/04/2024,71.56,71.52,72.69,71.30,8.00,-0.46
09/05/2024,71.25,71.08,72.62,70.92,8.89,-0.43
09/06/2024,69.58,71.13,72.02,68.73,11.45,-2.34
09/09/2024,69.80,70.95,71.19,69.63,8.80,0.32
09/10/2024,68.99,70.00,70.46,67.64,20.23,-1.16
09/11/2024,70.11,68.83,70.22,67.12,14.67,1.62
09/12/2024,68.09,70.06,70.49,67.85,16.38,-2.88
09/13/2024,72.48,72.40,72.75,70.94,30.38,6.45
09/16/2024,71.52,72.36,72.50,71.04,12.02,-1.32
09/17/2024,72.78,71.97,73.73,71.31,14.64,1.76
09/18/2024,73.50,72.77,74.74,72.19,11.72,0.99
09/19/2024,75.28,74.98,76.46,74.56,17.70,2.42
09/20/2024,73.94,74.82,75.05,73.45,17.47,-1.78
09/23/2024,74.71,75.11,75.27,73.78,8.29,1.04
09/24/2024,77.44,76.00,77.51,75.97,16.10,3.65
09/25/2024,77.14,77.51,78.28,77.08,12.55,-0.39
09/26/2024,76.69,78.36,78.45,75.13,14.79,-0.58
09/27/2024,75.75,77.03,77.08,75.70,7.58,-1.23
09/30/2024,75.16,75.32,75.72,74.25,12.99,-0.78
10/01/2024,74.24,75.77,75.77,73.84,8.98,-1.22
10/02/2024,72.87,74.09,74.31,72.79,11.32,-1.85
10/03/2024,72.94,72.56,73.21,71.90,11.10,0.10
10/04/2024,74.28,74.11,74.32,73.22,10.76,1.84
10/07/2024,74.59,74.25,75.74,73.73,15.33,0.42
10/08/2024,76.17,75.25,77.02,75.06,17.80,2.12
10/09/2024,77.87,76.00,77.96,75.96,17.25,2.23
10/10/2024,77.92,77.65,78.24,76.90,15.03,0.06
10/11/2024,86.34,82.00,87.00,81.86,57.29,10.81
10/14/2024,84.94,85.64,86.18,84.18,14.75,-1.62
10/15/2024,83.20,84.77,84.77,82.65,14.86,-2.05
10/16/2024,81.90,82.93,83.48,81.62,12.40,-1.56
10/17/2024,79.90,79.92,80.88,79.41,27.37,-2.44
10/18/2024,79.16,80.53,80.55,78.80,14.19,-0.93
10/21/2024,80.46,79.94,80.57,79.55,11.24,1.64
10/22/2024,80.41,80.47,81.25,79.98,10.75,-0.06
10/23/2024,79.83,80.06,80.32,79.36,8.69,-0.72
10/24/2024,78.38,78.00,78.60,77.14,15.22,-1.82
10/25/2024,77.62,78.26,78.84,76.96,11.73,-0.97
10/28/2024,77.69,78.20,78.38,77.47,9.31,0.09
10/29/2024,79.21,77.85,79.99,77.77,14.47,1.96
10/30/2024,79.43,79.23,80.07,78.82,15.00,0.28
10/31/2024,72.05,74.50,74.99,69.87,64.05,-9.29